{"cameraMode":{"drawMode":0,"name":"Shaded","section":"Shading Mode"},"sceneLighting":false,"audioPlay":false,"sceneViewState":{"showFog":true,"showMaterialUpdate":false,"showSkybox":true,"showFlares":true,"showImageEffects":true,"showParticleSystems":true},"in2DMode":false,"pivot":{"x":0.3646067976951599,"y":0.9164540767669678,"z":0.17655706405639649},"rotation":{"x":0.2437775880098343,"y":-0.1419541835784912,"z":0.03609570488333702,"w":0.958708643913269},"size":1.5136921405792237,"orthographic":false}